{
  "episode_rewards": [
    -1174.0,
    -1355.0,
    -1254.0,
    -1921.0,
    -1760.0,
    -683.0,
    -1730.0,
    -2315.0,
    -1385.0,
    -1582.0,
    -2239.0,
    -1350.0,
    -603.0,
    -1592.0,
    -1092.0,
    -1083.0,
    -730.0,
    -665.0,
    -262.0,
    -2219.0,
    -2280.0,
    -1725.0,
    -1920.0,
    -1091.0,
    -1795.0,
    -664.0,
    -1690.0,
    -205.0,
    -819.0,
    -652.0,
    -900.0,
    -769.0,
    -157.0,
    -1023.0,
    -1225.0,
    -437.0,
    -1602.0,
    -563.0,
    -687.0,
    -156.0,
    318.0,
    -1523.0,
    -591.0,
    -409.0,
    -1109.0,
    -350.0,
    -1142.0,
    960.0,
    -1820.0,
    -1104.0,
    -1393.0,
    -755.0,
    -474.0,
    -2090.0,
    -1369.0,
    -720.0,
    171.0,
    -1189.0,
    -1980.0,
    221.0,
    -1503.0,
    -2090.0,
    -279.0,
    -1209.0,
    914.0,
    -896.0,
    -765.0,
    -1177.0,
    -979.0,
    -647.0,
    -1300.0,
    -406.0,
    -908.0,
    545.0,
    -973.0
  ],
  "episode_lengths": [
    65,
    27,
    54,
    82,
    58,
    50,
    41,
    49,
    25,
    78,
    73,
    34,
    54,
    88,
    50,
    61,
    12,
    59,
    54,
    80,
    50,
    36,
    43,
    61,
    43,
    68,
    35,
    55,
    37,
    51,
    13,
    59,
    54,
    66,
    71,
    60,
    51,
    73,
    48,
    58,
    53,
    80,
    63,
    54,
    71,
    53,
    71,
    53,
    38,
    50,
    80,
    12,
    49,
    45,
    64,
    12,
    58,
    71,
    46,
    57,
    76,
    46,
    60,
    80,
    62,
    53,
    12,
    50,
    48,
    55,
    23,
    56,
    53,
    52,
    53
  ],
  "losses": [
    42.05315589904785,
    42.58352745903863,
    40.34006115242287,
    29.06899305669273,
    27.49920448763617,
    26.812225151062012,
    25.27263241279416,
    25.87500015570193,
    24.160944061279295,
    24.08152121763963,
    27.807522381821723,
    24.942371508654425,
    25.813730151564986,
    25.96170063452287,
    26.757675495147705,
    24.94927526692875,
    24.187424659729004,
    25.154938083584025,
    27.19538994188662,
    26.81839245557785,
    34.289908218383786,
    34.2440136273702,
    30.980402125868686,
    32.27454889016073,
    32.61460486123728,
    31.679812824024875,
    32.66927032470703,
    33.35297050476074,
    31.362508516053897,
    32.113918753231275,
    42.545846498929535,
    37.31320895178843,
    38.013907220628525,
    37.18674931381688,
    36.85667959401305,
    37.07086696624756,
    37.332932042140584,
    36.11175079868264,
    38.3776304324468,
    37.65230020983466,
    44.287968977442326,
    44.16890528202057,
    42.75943265642439,
    45.09598940390128,
    44.99156124491087,
    44.67951187997494,
    45.678487267292724,
    44.77608126514363,
    46.2352015846654,
    43.206067695617676,
    53.3445864200592,
    49.85395113627116,
    51.17148146337392,
    54.09725918240017,
    51.387197375297546,
    56.925012270609535,
    50.843270663557384,
    51.18811459608481,
    51.152757478796914,
    51.95948336417215,
    57.796576048198496,
    55.079091776972234,
    60.45843639373779,
    56.14730505943298,
    55.8966496990573,
    55.730775581215916,
    53.2060546875,
    55.77945251464844,
    58.64092596371969,
    57.28637563532049,
    63.081368487814196,
    60.57701894215175,
    61.09711629039836,
    62.979055624741775,
    60.16886160508642
  ],
  "epsilon_history": [
    0.995,
    0.990025,
    0.985074875,
    0.9801495006250001,
    0.9752487531218751,
    0.9703725093562657,
    0.9655206468094844,
    0.960693043575437,
    0.9558895783575597,
    0.9511101304657719,
    0.946354579813443,
    0.9416228069143757,
    0.9369146928798039,
    0.9322301194154049,
    0.9275689688183278,
    0.9229311239742362,
    0.918316468354365,
    0.9137248860125932,
    0.9091562615825302,
    0.9046104802746175,
    0.9000874278732445,
    0.8955869907338783,
    0.8911090557802088,
    0.8866535105013078,
    0.8822202429488013,
    0.8778091417340573,
    0.8734200960253871,
    0.8690529955452602,
    0.8647077305675338,
    0.8603841919146962,
    0.8560822709551227,
    0.851801859600347,
    0.8475428503023453,
    0.8433051360508336,
    0.8390886103705794,
    0.8348931673187264,
    0.8307187014821328,
    0.8265651079747222,
    0.8224322824348486,
    0.8183201210226743,
    0.8142285204175609,
    0.810157377815473,
    0.8061065909263957,
    0.8020760579717637,
    0.798065677681905,
    0.7940753492934954,
    0.7901049725470279,
    0.7861544476842928,
    0.7822236754458713,
    0.778312557068642,
    0.7744209942832988,
    0.7705488893118823,
    0.7666961448653229,
    0.7628626641409962,
    0.7590483508202912,
    0.7552531090661897,
    0.7514768435208588,
    0.7477194593032545,
    0.7439808620067382,
    0.7402609576967045,
    0.736559652908221,
    0.7328768546436799,
    0.7292124703704616,
    0.7255664080186093,
    0.7219385759785162,
    0.7183288830986236,
    0.7147372386831305,
    0.7111635524897149,
    0.7076077347272662,
    0.7040696960536299,
    0.7005493475733617,
    0.697046600835495,
    0.6935613678313175,
    0.6900935609921609,
    0.6866430931872001
  ],
  "agent_metrics": {
    "epsilon": 0.6866430931872001,
    "training_step": 3922,
    "episode_count": 75,
    "buffer_size": 3985
  }
}